{"stat.chestOpened":14,"stat.walkOneCm":30501,"stat.leaveGame":1,"stat.drop.techguns.tg_spawner":1,"stat.killEntity.Enderman":2,"stat.mobKills":3,"stat.useItem.minecraft.diamond_sword":4,"stat.aviateOneCm":260,"stat.flyOneCm":163053,"stat.useItem.minecraft.ender_pearl":15,"stat.drop":2,"stat.jump":93,"stat.swimOneCm":1517,"stat.playOneMinute":34524,"stat.climbOneCm":7084,"stat.drop.minecraft.stained_hardened_clay":1,"stat.sneakTime":3218,"stat.damageDealt":817,"stat.pickup.techguns.tg_spawner":1,"stat.crouchOneCm":896,"stat.timeSinceDeath":34524,"stat.pickup.minecraft.ender_pearl":1,"stat.sprintOneCm":3289,"stat.useItem.minecraft.stone_slab2":218,"stat.useItem.minecraft.spawn_egg":3,"stat.pickup.minecraft.stained_hardened_clay":1,"stat.diveOneCm":14718,"stat.craftingTableInteraction":2}