{
	"textures": {
		"0": "blocks/furnace_side",
		"1": "blocks/furnace_top",
		"2": "blocks/coal_block",
		"4": "blocks/log_oak",
		"5": "blocks/stone_slab_top.png",
		"7": "blocks/iron_ore_defalt",
		"8": "blocks/furnace_front_on",
		"particle": "blocks/furnace_top"
	},
	"elements": [
		{
			"type": "cube",
			"from": [0, 0, 15],
			"to": [15, 15, 16],
			"rotation": {"angle": 0, "axis": "y", "origin": [8, 8, 23]},
			"faces": {
				"north": {"uv": [0, 0, 16, 16], "texture": "#0"},
				"east": {"uv": [0, 0, 1, 16], "texture": "#0"},
				"south": {"uv": [0, 0, 16, 16], "texture": "#0"},
				"west": {"uv": [0, 0, 1, 16], "texture": "#0"},
				"up": {"uv": [0, 0, 16, 1], "texture": "#0"},
				"down": {"uv": [0, 0, 16, 1], "texture": "#0"}
			}
		},
		{
			"type": "cube",
			"from": [15, 0, 0],
			"to": [16, 16, 16],
			"rotation": {"angle": 0, "axis": "y", "origin": [23, 8, 8]},
			"faces": {
				"north": {"uv": [0, 0, 1, 16], "texture": "#0"},
				"east": {"uv": [0, 0, 16, 16], "texture": "#0"},
				"south": {"uv": [0, 0, 1, 16], "texture": "#0"},
				"west": {"uv": [0, 0, 16, 16], "texture": "#0"},
				"up": {"uv": [0, 0, 1, 16], "texture": "#0"},
				"down": {"uv": [0, 0, 1, 16], "texture": "#0"}
			}
		},
		{
			"type": "cube",
			"from": [0, 0, 0],
			"to": [1, 15, 15],
			"faces": {
				"north": {"uv": [0, 0, 1, 16], "texture": "#0"},
				"east": {"uv": [0, 0, 16, 16], "texture": "#0"},
				"south": {"uv": [0, 0, 1, 16], "texture": "#0"},
				"west": {"uv": [0, 0, 16, 16], "texture": "#0"},
				"up": {"uv": [0, 0, 1, 16], "texture": "#0"},
				"down": {"uv": [0, 0, 1, 16], "texture": "#0"}
			}
		},
		{
			"type": "cube",
			"from": [1, 0, 1],
			"to": [15, 1, 15],
			"rotation": {"angle": 0, "axis": "y", "origin": [9, 8, 9]},
			"faces": {
				"north": {"uv": [0, 0, 14, 1], "texture": "#1"},
				"east": {"uv": [0, 0, 14, 1], "texture": "#1"},
				"south": {"uv": [0, 0, 14, 1], "texture": "#1"},
				"west": {"uv": [0, 0, 14, 1], "texture": "#1"},
				"up": {"uv": [1, 1, 15, 15], "texture": "#1"},
				"down": {"uv": [1, 1, 15, 15], "texture": "#1"}
			}
		},
		{
			"type": "cube",
			"from": [1, 3, 3],
			"to": [9, 5, 8],
			"rotation": {"angle": 22.5, "axis": "z", "origin": [9, 11, 11]},
			"faces": {
				"north": {"uv": [0, 0, 8, 2], "texture": "#2"},
				"east": {"uv": [0, 0, 5, 2], "texture": "#2"},
				"south": {"uv": [0, 0, 8, 2], "texture": "#2"},
				"west": {"uv": [0, 0, 5, 2], "texture": "#2"},
				"up": {"uv": [0, 0, 8, 5], "texture": "#2"},
				"down": {"uv": [0, 0, 8, 5], "texture": "#2"}
			}
		},
		{
			"type": "cube",
			"from": [10, 1, -1],
			"to": [12, 3, 7],
			"rotation": {"angle": 22.5, "axis": "y", "origin": [18, 9, 7]},
			"faces": {
				"north": {"uv": [0, 0, 2, 2], "texture": "#4"},
				"east": {"uv": [0, 0, 8, 2], "texture": "#4"},
				"south": {"uv": [0, 0, 2, 2], "texture": "#4"},
				"west": {"uv": [0, 0, 8, 2], "texture": "#4"},
				"up": {"uv": [0, 0, 2, 8], "texture": "#4"},
				"down": {"uv": [0, 0, 2, 8], "texture": "#4"}
			}
		},
		{
			"type": "cube",
			"from": [1, 6, 1],
			"to": [15, 7, 15],
			"rotation": {"angle": 0, "axis": "y", "origin": [9, 14, 9]},
			"faces": {
				"north": {"uv": [0, 0, 14, 1], "texture": "#5"},
				"east": {"uv": [0, 0, 14, 1], "texture": "#5"},
				"south": {"uv": [0, 0, 14, 1], "texture": "#5"},
				"west": {"uv": [0, 0, 14, 1], "texture": "#5"},
				"up": {"uv": [1, 1, 15, 15], "texture": "#5"},
				"down": {"uv": [1, 1, 15, 15], "texture": "#5"}
			}
		},
		{
			"type": "cube",
			"from": [6, 7, 4],
			"to": [12, 13, 10],
			"rotation": {"angle": 22.5, "axis": "y", "origin": [14, 15, 12]},
			"faces": {
				"north": {"uv": [4, 3, 10, 9], "texture": "#7"},
				"east": {"uv": [4, 3, 10, 9], "texture": "#7"},
				"south": {"uv": [4, 3, 10, 9], "texture": "#7"},
				"west": {"uv": [4, 3, 10, 9], "texture": "#7"},
				"up": {"uv": [4, 3, 10, 9], "texture": "#7"},
				"down": {"uv": [4, 3, 10, 9], "texture": "#7"}
			}
		},
		{
			"type": "cube",
			"from": [0, 15, 0],
			"to": [16, 16, 16],
			"rotation": {"angle": 0, "axis": "y", "origin": [8, 7, 8]},
			"faces": {
				"north": {"uv": [0, 0, 16, 1], "texture": "#1"},
				"east": {"uv": [0, 0, 16, 1], "texture": "#1"},
				"south": {"uv": [0, 0, 16, 1], "texture": "#1"},
				"west": {"uv": [0, 0, 16, 1], "texture": "#1"},
				"up": {"uv": [0, 0, 16, 16], "texture": "#1"},
				"down": {"uv": [0, 0, 16, 16], "texture": "#1"}
			}
		},
		{
			"type": "cube",
			"from": [1, 0, 0],
			"to": [15, 2, 1],
			"rotation": {"angle": 0, "axis": "y", "origin": [9, 8, 8]},
			"faces": {
				"north": {"uv": [1, 7, 15, 9], "texture": "#8"},
				"east": {"uv": [0, 0, 1, 2], "texture": "#8"},
				"south": {"uv": [0, 0, 14, 2], "texture": "#8"},
				"west": {"uv": [0, 0, 1, 2], "texture": "#8"},
				"up": {"uv": [0, 0, 14, 1], "texture": "#8"},
				"down": {"uv": [0, 0, 14, 1], "texture": "#8"}
			}
		},
		{
			"type": "cube",
			"from": [1, 2, 0],
			"to": [3, 9, 1],
			"rotation": {"angle": 0, "axis": "y", "origin": [9, 10, 8]},
			"faces": {
				"north": {"uv": [1, 1, 3, 6], "texture": "#8"},
				"east": {"uv": [0, 0, 1, 5], "texture": "#8"},
				"south": {"uv": [1, 1, 3, 6], "texture": "#8"},
				"west": {"uv": [0, 1, 1, 6], "texture": "#8"},
				"up": {"uv": [11, 15, 13, 16], "texture": "#8"},
				"down": {"uv": [11, 15, 13, 16], "texture": "#8"}
			}
		},
		{
			"type": "cube",
			"from": [1, 9, 0],
			"to": [3, 15, 1],
			"rotation": {"angle": 0, "axis": "y", "origin": [9, 17, 8]},
			"faces": {
				"north": {"uv": [1, 1, 3, 6], "texture": "#8"},
				"east": {"uv": [0, 0, 1, 5], "texture": "#8"},
				"south": {"uv": [1, 1, 3, 6], "texture": "#8"},
				"west": {"uv": [0, 1, 1, 6], "texture": "#8"},
				"up": {"uv": [11, 15, 13, 16], "texture": "#8"},
				"down": {"uv": [11, 15, 13, 16], "texture": "#8"}
			}
		},
		{
			"type": "cube",
			"from": [13, 2, 0],
			"to": [15, 9, 1],
			"rotation": {"angle": 0, "axis": "y", "origin": [21, 10, 8]},
			"faces": {
				"north": {"uv": [1, 1, 3, 6], "texture": "#8"},
				"east": {"uv": [0, 0, 1, 5], "texture": "#8"},
				"south": {"uv": [1, 1, 3, 6], "texture": "#8"},
				"west": {"uv": [0, 1, 1, 6], "texture": "#8"},
				"up": {"uv": [11, 15, 13, 16], "texture": "#8"},
				"down": {"uv": [11, 15, 13, 16], "texture": "#8"}
			}
		},
		{
			"type": "cube",
			"from": [13, 9, 0],
			"to": [15, 15, 1],
			"rotation": {"angle": 0, "axis": "y", "origin": [21, 17, 8]},
			"faces": {
				"north": {"uv": [1, 1, 3, 6], "texture": "#8"},
				"east": {"uv": [0, 0, 1, 5], "texture": "#8"},
				"south": {"uv": [1, 1, 3, 6], "texture": "#8"},
				"west": {"uv": [0, 1, 1, 6], "texture": "#8"},
				"up": {"uv": [11, 15, 13, 16], "texture": "#8"},
				"down": {"uv": [11, 15, 13, 16], "texture": "#8"}
			}
		},
		{
			"type": "cube",
			"from": [3, 5, 0],
			"to": [4, 10, 1],
			"rotation": {"angle": 0, "axis": "y", "origin": [11, 13, 8]},
			"faces": {
				"north": {"uv": [13, 7, 14, 12], "texture": "#8"},
				"east": {"uv": [0, 0, 1, 3], "texture": "#8"},
				"south": {"uv": [0, 0, 1, 3], "texture": "#8"},
				"west": {"uv": [0, 0, 1, 3], "texture": "#8"},
				"up": {"uv": [0, 0, 1, 1], "texture": "#8"},
				"down": {"uv": [0, 0, 1, 1], "texture": "#8"}
			}
		},
		{
			"type": "cube",
			"from": [3, 13, 0],
			"to": [4, 15, 1],
			"rotation": {"angle": 0, "axis": "y", "origin": [11, 21, 8]},
			"faces": {
				"north": {"uv": [12, 1, 13, 4], "texture": "#8"},
				"east": {"uv": [0, 0, 1, 3], "texture": "#8"},
				"south": {"uv": [0, 0, 1, 3], "texture": "#8"},
				"west": {"uv": [0, 0, 1, 3], "texture": "#8"},
				"up": {"uv": [0, 0, 1, 1], "texture": "#8"},
				"down": {"uv": [0, 0, 1, 1], "texture": "#8"}
			}
		},
		{
			"type": "cube",
			"from": [12, 5, 0],
			"to": [13, 10, 1],
			"rotation": {"angle": 0, "axis": "y", "origin": [20, 13, 8]},
			"faces": {
				"north": {"uv": [3, 8, 4, 13], "texture": "#8"},
				"east": {"uv": [0, 0, 1, 3], "texture": "#8"},
				"south": {"uv": [0, 0, 1, 3], "texture": "#8"},
				"west": {"uv": [0, 0, 1, 3], "texture": "#8"},
				"up": {"uv": [0, 0, 1, 1], "texture": "#8"},
				"down": {"uv": [0, 0, 1, 1], "texture": "#8"}
			}
		},
		{	
			"type": "cube",
			"from": [12, 13, 0],
			"to": [13, 15, 1],
			"rotation": {"angle": 0, "axis": "y", "origin": [20, 21, 8]},
			"faces": {
				"north": {"uv": [3, 1, 4, 4], "texture": "#8"},
				"east": {"uv": [0, 0, 1, 3], "texture": "#8"},
				"south": {"uv": [0, 0, 1, 3], "texture": "#8"},
				"west": {"uv": [0, 0, 1, 3], "texture": "#8"},
				"up": {"uv": [0, 0, 1, 1], "texture": "#8"},
				"down": {"uv": [0, 0, 1, 1], "texture": "#8"}
			}
		},
		{
			"type": "cube",
			"from": [4, 6, 0],
			"to": [12, 10, 1],
			"rotation": {"angle": 0, "axis": "y", "origin": [12, 14, 8]},
			"faces": {
				"north": {"uv": [4, 7, 12, 11], "texture": "#8"},
				"east": {"uv": [0, 0, 1, 2], "texture": "#8"},
				"south": {"uv": [4, 7, 12, 9], "texture": "#8"},
				"west": {"uv": [0, 0, 1, 2], "texture": "#8"},
				"up": {"uv": [3, 0, 11, 1], "texture": "#8"},
				"down": {"uv": [2, 0, 10, 1], "texture": "#8"}
			}
		},
		{
			"type": "cube",
			"from": [4, 14, 0],
			"to": [12, 15, 1],
			"rotation": {"angle": 0, "axis": "y", "origin": [12, 22, 8]},
			"faces": {
				"north": {"uv": [4, 1, 12, 3], "texture": "#8"},
				"east": {"uv": [0, 0, 1, 2], "texture": "#8"},
				"south": {"uv": [1, 1, 9, 3], "texture": "#8"},
				"west": {"uv": [0, 0, 1, 2], "texture": "#8"},
				"up": {"uv": [3, 0, 11, 1], "texture": "#8"},
				"down": {"uv": [2, 0, 10, 1], "texture": "#8"}
			}
		}
	],
	"display": {
		"thirdperson": {
			"scale": [0.25, 0.25, 0.25]
		},
		"firstperson": {
			"translation": [2.25, 0, 0],
			"scale": [0.3, 0.3, 0.3]
		},
		"ground": {
			"scale": [1, 1, 1]
		},
		"gui": {
			"translation": [0.25, -0.5, 0],
			"scale": [0.7, 0.7, 0.7]
		},
		"fixed": {
			"translation": [0, 0, 4.25]
		}
	}
}